{
    "step_1": {
        "train": {
            "loss": 3.8122196197509766,
            "accuracy": 0.046875,
            "precision": 0.04341736694677872,
            "recall": 0.023809523809523808,
            "f1": 0.023642533936651583
        }
    },
    "step_2": {
        "train": {
            "loss": 3.72750186920166,
            "accuracy": 0.078125,
            "precision": 0.05488215488215488,
            "recall": 0.04086317722681359,
            "f1": 0.037101787101787104
        }
    },
    "step_3": {
        "train": {
            "loss": 3.6325907707214355,
            "accuracy": 0.03125,
            "precision": 0.01715686274509804,
            "recall": 0.022058823529411766,
            "f1": 0.01838235294117647
        }
    },
    "step_4": {
        "train": {
            "loss": 3.5048725605010986,
            "accuracy": 0.140625,
            "precision": 0.0744047619047619,
            "recall": 0.06182539682539681,
            "f1": 0.0533443680502504
        }
    },
    "step_5": {
        "train": {
            "loss": 3.352076530456543,
            "accuracy": 0.203125,
            "precision": 0.043809305172941536,
            "recall": 0.0505050505050505,
            "f1": 0.044649794649794655
        }
    },
    "step_6": {
        "train": {
            "loss": 3.435403823852539,
            "accuracy": 0.1875,
            "precision": 0.04747899159663865,
            "recall": 0.09215686274509804,
            "f1": 0.05994152046783626
        }
    },
    "step_7": {
        "train": {
            "loss": 3.2767529487609863,
            "accuracy": 0.1875,
            "precision": 0.06566951566951568,
            "recall": 0.09333333333333334,
            "f1": 0.06291423001949319
        }
    },
    "step_8": {
        "train": {
            "loss": 3.215029716491699,
            "accuracy": 0.1875,
            "precision": 0.029411764705882356,
            "recall": 0.0755336617405583,
            "f1": 0.0421455938697318
        }
    },
    "step_9": {
        "train": {
            "loss": 3.2479159832000732,
            "accuracy": 0.15625,
            "precision": 0.03974358974358974,
            "recall": 0.0923076923076923,
            "f1": 0.052267739008629695
        }
    },
    "step_10": {
        "train": {
            "loss": 3.172603130340576,
            "accuracy": 0.234375,
            "precision": 0.07567693744164332,
            "recall": 0.16777777777777778,
            "f1": 0.09234989648033126
        }
    },
    "step_11": {
        "train": {
            "loss": 3.369270086288452,
            "accuracy": 0.203125,
            "precision": 0.036240025350733146,
            "recall": 0.132183908045977,
            "f1": 0.053520617313720764
        }
    },
    "step_12": {
        "train": {
            "loss": 3.043148994445801,
            "accuracy": 0.28125,
            "precision": 0.08988095238095238,
            "recall": 0.13350340136054423,
            "f1": 0.0952627204728045
        }
    },
    "step_13": {
        "train": {
            "loss": 3.2383038997650146,
            "accuracy": 0.171875,
            "precision": 0.0592063492063492,
            "recall": 0.09277777777777778,
            "f1": 0.05235690235690236
        }
    },
    "step_14": {
        "train": {
            "loss": 3.019059181213379,
            "accuracy": 0.234375,
            "precision": 0.05424498746867168,
            "recall": 0.15,
            "f1": 0.07505574693645575
        }
    },
    "step_15": {
        "train": {
            "loss": 3.007509708404541,
            "accuracy": 0.234375,
            "precision": 0.06040448343079922,
            "recall": 0.13271604938271603,
            "f1": 0.0699750866417533
        }
    },
    "step_16": {
        "train": {
            "loss": 2.979506731033325,
            "accuracy": 0.25,
            "precision": 0.06772767462422635,
            "recall": 0.14080459770114945,
            "f1": 0.08427558198922516
        }
    },
    "step_17": {
        "train": {
            "loss": 3.1971335411071777,
            "accuracy": 0.171875,
            "precision": 0.04786255411255412,
            "recall": 0.11207482993197279,
            "f1": 0.0600314889788574
        }
    },
    "step_18": {
        "train": {
            "loss": 3.114079475402832,
            "accuracy": 0.234375,
            "precision": 0.08794162826420891,
            "recall": 0.12903225806451613,
            "f1": 0.07228622631848437
        }
    },
    "step_19": {
        "train": {
            "loss": 2.8865468502044678,
            "accuracy": 0.1875,
            "precision": 0.04292929292929293,
            "recall": 0.13214285714285715,
            "f1": 0.06327045969903113
        }
    },
    "step_20": {
        "train": {
            "loss": 2.905743360519409,
            "accuracy": 0.25,
            "precision": 0.08551925505050505,
            "recall": 0.16331845238095238,
            "f1": 0.08864000582750584
        }
    },
    "step_21": {
        "train": {
            "loss": 2.772469997406006,
            "accuracy": 0.265625,
            "precision": 0.07241462241462242,
            "recall": 0.1654320987654321,
            "f1": 0.09202010770638222
        },
        "val": {
            "loss": 0.09619749717906041,
            "accuracy": 0.07309644670050762,
            "precision": 0.0018274111675126905,
            "recall": 0.025,
            "f1": 0.003405865657521287
        }
    },
    "step_22": {
        "train": {
            "loss": 3.10953426361084,
            "accuracy": 0.1875,
            "precision": 0.0453968253968254,
            "recall": 0.13166666666666668,
            "f1": 0.06505291005291006
        }
    },
    "step_23": {
        "train": {
            "loss": 2.826643466949463,
            "accuracy": 0.234375,
            "precision": 0.07804695304695304,
            "recall": 0.13365384615384615,
            "f1": 0.0911253726031054
        }
    },
    "step_24": {
        "train": {
            "loss": 2.7520227432250977,
            "accuracy": 0.296875,
            "precision": 0.06490894163307957,
            "recall": 0.132183908045977,
            "f1": 0.08191083029913614
        }
    },
    "step_25": {
        "train": {
            "loss": 3.1479737758636475,
            "accuracy": 0.125,
            "precision": 0.054694463012477726,
            "recall": 0.115625,
            "f1": 0.04962210213032581
        }
    },
    "step_26": {
        "train": {
            "loss": 2.597531795501709,
            "accuracy": 0.296875,
            "precision": 0.07947722567287785,
            "recall": 0.16666666666666669,
            "f1": 0.10548504215801004
        }
    },
    "step_27": {
        "train": {
            "loss": 2.8440256118774414,
            "accuracy": 0.28125,
            "precision": 0.13451158216783216,
            "recall": 0.13828125,
            "f1": 0.12355769230769231
        }
    },
    "step_28": {
        "train": {
            "loss": 2.9636764526367188,
            "accuracy": 0.203125,
            "precision": 0.06291314049934739,
            "recall": 0.12729885057471263,
            "f1": 0.07262876857197344
        }
    },
    "step_29": {
        "train": {
            "loss": 3.0988175868988037,
            "accuracy": 0.1875,
            "precision": 0.05076628352490422,
            "recall": 0.14655172413793102,
            "f1": 0.07480106100795757
        }
    },
    "step_30": {
        "train": {
            "loss": 2.810905694961548,
            "accuracy": 0.234375,
            "precision": 0.04734848484848485,
            "recall": 0.14556277056277056,
            "f1": 0.06731601731601732
        }
    },
    "step_31": {
        "train": {
            "loss": 2.9261159896850586,
            "accuracy": 0.234375,
            "precision": 0.054386882958311525,
            "recall": 0.08180272108843538,