{
    "step_1": {
        "train": {
            "loss": 3.8852352853694425,
            "accuracy": 0.03125,
            "precision": 0.03125,
            "recall": 0.03125,
            "f1": 0.03125
        }
    }
}