{
    "step_1": {
        "train": {
            "loss": 3.8826310022919244,
            "accuracy": 0.0,
            "precision": 0.0,
            "recall": 0.0,
            "f1": 0.0
        }
    },
    "step_2": {
        "train": {
            "loss": 3.842289767313086,
            "accuracy": 0.09375,
            "precision": 0.03946360153256705,
            "recall": 0.14224137931034483,
            "f1": 0.055172413793103454
        }
    },
    "step_3": {
        "train": {
            "loss": 3.8267334136651994,
            "accuracy": 0.09375,
            "precision": 0.016783216783216783,
            "recall": 0.04,
            "f1": 0.023611111111111107
        },
        "val": {
            "loss": 0.0745234293638217,
            "accuracy": 0.0,
            "precision": 0.0,
            "recall": 0.0,
            "f1": 0.0
        }
    },
    "step_4": {
        "train": {
            "loss": 3.759623847890664,
            "accuracy": 0.140625,
            "precision": 0.014954051796157058,
            "recall": 0.04047619047619048,
            "f1": 0.02178130511463845
        }
    },
    "step_5": {
        "train": {
            "loss": 3.6930399620702237,
            "accuracy": 0.140625,
            "precision": 0.016071428571428573,
            "recall": 0.047619047619047616,
            "f1": 0.023513753327417928
        },
        "val": {
            "loss": 0.07445980546952602,
            "accuracy": 0.06060606060606061,
            "precision": 0.017970367494824016,
            "recall": 0.046590909090909086,
            "f1": 0.025340931590931585
        }
    },
    "step_6": {
        "train": {
            "loss": 3.5847487349043394,
            "accuracy": 0.1875,
            "precision": 0.06337167550678442,
            "recall": 0.09770114942528736,
            "f1": 0.059182630906768834
        }
    },
    "step_7": {
        "train": {
            "loss": 3.519989408347488,
            "accuracy": 0.203125,
            "precision": 0.08250134192163178,
            "recall": 0.11322751322751322,
            "f1": 0.07560950306048345
        },
        "val": {
            "loss": 0.07513743039135384,
            "accuracy": 0.06060606060606061,
            "precision": 0.00755957005957006,
            "recall": 0.0453125,
            "f1": 0.012572047854305917
        }
    },
    "step_8": {
        "train": {
            "loss": 3.712309728904879,
            "accuracy": 0.140625,
            "precision": 0.06882716049382716,
            "recall": 0.10666666666666667,
            "f1": 0.06823178016726404
        }
    },
    "step_9": {
        "train": {
            "loss": 3.4026320024653804,
            "accuracy": 0.1875,
            "precision": 0.060714285714285714,
            "recall": 0.0695861678004535,
            "f1": 0.04707792207792209
        },
        "val": {
            "loss": 0.07553784254298487,
            "accuracy": 0.0707070707070707,
            "precision": 0.00619473102431835,
            "recall": 0.044642857142857144,
            "f1": 0.010218253968253968
        }
    },
    "step_10": {
        "train": {
            "loss": 3.5011901272522232,
            "accuracy": 0.1875,
            "precision": 0.0988095238095238,
            "recall": 0.13055555555555556,
            "f1": 0.08957264957264958
        }
    },
    "step_11": {
        "train": {
            "loss": 3.394247311011304,
            "accuracy": 0.296875,
            "precision": 0.07372685185185184,
            "recall": 0.11354166666666667,
            "f1": 0.07910995738008123
        },
        "val": {
            "loss": 0.07523970897617352,
            "accuracy": 0.09090909090909091,
            "precision": 0.006445457930007446,
            "recall": 0.046875,
            "f1": 0.011039590254706532
        }
    },
    "step_12": {
        "train": {
            "loss": 3.278583718926989,
            "accuracy": 0.265625,
            "precision": 0.09085448281876853,
            "recall": 0.1392857142857143,
            "f1": 0.09720557220557222
        }
    },
    "step_13": {
        "train": {
            "loss": 3.3272471589596577,
            "accuracy": 0.1875,
            "precision": 0.05643533421311199,
            "recall": 0.14300411522633744,
            "f1": 0.07102239324461547
        },
        "val": {
            "loss": 0.07429099422839863,
            "accuracy": 0.06060606060606061,
            "precision": 0.001913265306122449,
            "recall": 0.026785714285714284,
            "f1": 0.0035714285714285713
        }
    },
    "step_14": {
        "train": {
            "loss": 3.3647370189286057,
            "accuracy": 0.1875,
            "precision": 0.09024725274725275,
            "recall": 0.09761904761904762,
            "f1": 0.0779040404040404
        }
    },
    "step_15": {
        "train": {
            "loss": 3.218366623998997,
            "accuracy": 0.203125,
            "precision": 0.0816960816960817,
            "recall": 0.13782051282051283,
            "f1": 0.07307969807969808
        },
        "val": {
            "loss": 0.07461826799779589,
            "accuracy": 0.0707070707070707,
            "precision": 0.0022095959595959595,
            "recall": 0.03125,
            "f1": 0.004127358490566038
        }
    }
}