step,T_Loss,T_Accuracy,T_Precision,T_Recall,T_F1,V_Loss,V_Accuracy,V_Precision,V_Recall,V_F1,Elapsed_time
278,2.4775244849683578,0.3668165093029714,0.1959246940701211,0.2589043792492819,0.20571332918666171,1.6625524567019554,0.5868020304568528,0.5290412234735442,0.40375584872234843,0.39346262104437246,677.657
555,1.6377069493923806,0.5676808525409609,0.39278937229698896,0.43040860242221646,0.3917706004783005,1.2567387607789808,0.6934010152284263,0.6325072075521377,0.5548871568859545,0.5474895221894964,1359.172
832,1.329248198102958,0.6425298528186615,0.4842792592618273,0.5060867469507822,0.4772734918836268,1.034382402896881,0.7218274111675127,0.6027592708607671,0.5873941439532482,0.5722848358759259,1989.939
1109,1.1602731142663782,0.6788305331852262,0.5223088109727471,0.5374293909933596,0.513199689079593,0.9389926983464149,0.7319796954314721,0.6192861736310025,0.6140440647635722,0.602898422385918,2638.833
1386,1.0726487791495203,0.699640724798667,0.5495639363931607,0.5579566205814024,0.5380310214297632,0.8638547812738726,0.7644670050761422,0.7105382498440674,0.6665147560710315,0.6551576291121506,3331.549
1663,0.9980191683080653,0.7164242571507914,0.5724949011693572,0.577618361248179,0.5597121746314762,0.8151594429246841,0.7736040609137056,0.7048183827572354,0.6949875262478745,0.6722942475706524,3978.961
1940,0.9403922664344526,0.7302138294918078,0.5862104754552185,0.5923223527022652,0.5749704726856623,0.7502746101348631,0.7878172588832487,0.6963173974304283,0.6939046459640348,0.6752710657268939,4645.207
2217,0.9047402237081356,0.7362451402388225,0.6003915050286175,0.6028020179960358,0.5867655013858168,0.7636320042994714,0.7796954314720812,0.7226827197820053,0.6730104347597979,0.6641244864423828,5293.782
2494,0.870373572253148,0.7425715079144681,0.6036322685806633,0.6080776207544889,0.5915077490919923,0.724863201379776,0.7898477157360406,0.6786598705564505,0.6900095106626203,0.6688006235894792,5961.348
