step,T_Loss,T_Accuracy,T_Precision,T_Recall,T_F1,V_Loss,V_Accuracy,V_Precision,V_Recall,V_F1
138,1.5262529397532887,0.43073296836982966,0.26994455868688294,0.3481749667044682,0.2743677266204625,2.1582578644156456,0.2345679012345679,0.26283693763929283,0.21950957575869445,0.17726249551953482
275,1.2618051149549276,0.5031478102189781,0.3725664884925832,0.4304053233645693,0.36491551451900717,2.6352227181196213,0.08024691358024691,0.21116524509732235,0.12870549796206882,0.054556075293281846
412,1.2541182854749862,0.5233120437956204,0.3877620224582441,0.45361200437842775,0.3852450515704552,1.7000194787979126,0.3477366255144033,0.3281014586676164,0.28899647743238954,0.24773471937086913
